Alain_Lamassoure	Alain_Lamassoure
Aleksander_Lukashenko	Alexander_Lukashenko
Aleksandr_Guteyev	Aleksandr_Guteyev
Aleksei_Navalny	Alexei_Navalny
Alexander_Hamilton	Alexander_Hamilton
Alexander_Prokhanov	Alexander_Prokhanov
Alexander_Zakharchenko	Alexander_Zakharchenko
Alexandr_Dugin	Aleksandr_Dugin
Alexei_Kudrin	Alexei_Kudrin
Alexey_Miller	Alexey_Miller
Alexis_Tsipras	Alexis_Tsipras
Alina_Grosu	Alina_Grosu
Alisher_Usmanov	Alisher_Usmanov
Anatoliy_Serdyukov	Anatoliy_Serdyukov
Anatoly_Antonov	Anatoly_Antonov
Anders_Fogh_Rasmussen	Anders_Fogh_Rasmussen
Andrei_Fursenko	Andrei_Fursenko
Andrei_Korobeinik	Andrei_Korobeinik
Andres_Lipstok	Andres_Lipstok
Andrew_Lansley	Andrew_Lansley
Andreyevsky	no page
Andrey_Kobelev	Andrey_Kobelev
Andrey_Parubiy	Andriy_Parubiy
Andriy_Shevchenko	Andriy_Shevchenko
Andrus_Ansip	Andrus_Ansip
Angela_Merkel	Angela_Merkel
Anna_Diamantopoulou	Anna_Diamantopoulou
Anna_Sedokova	Anna_Sedokova
Anne-Marie_Idrac	Anne-Marie_Idrac
Annuar_Rapaee	Annuar_Rapaee
Antonis_Samaras	Antonis_Samaras
Arcadi_Gaydamak	Arcadi_Gaydamak
Arnold_Green_politician	Arnold_Green_(politician)
Arnon_Milchan	Arnon_Milchan
Arseniy_Yatsenyk	Arseniy_Yatsenyuk
Arsen_Avakov	Arsen_Avakov
Australian_PM	Scott_Morrison
Ban_Ki-moon	Ban_Ki-moon
Barack_Obama	Barack_Obama
Baroness_Neville-Jones	Pauline_Neville-Jones,_Baroness_Neville-Jones
Baron_Browne_of_Madingley	John_Browne,_Baron_Browne_of_Madingley
Baron_Smith_of_Finsbury	Chris_Smith,_Baron_Smith_of_Finsbury
BarrosoEU	no page
Bashar_al-Assad	Bashar_al-Assad
Beau_Biden	Beau_Biden
Benita_Ferrero-Waldner	Benita_Ferrero-Waldner
Bernadette_Chirac	Bernadette_Chirac
Bernd_Schuster	Bernd_Schuster
Bert_Koenders	Bert_Koenders
Bill_Clinton	Bill_Clinton
Bohdan_Stupka	Bohdan_Stupka
Boris_Nemtsov	Boris_Nemtsov
Boris_Yeltsin	Boris_Yeltsin
Brice_Hortefeux	Brice_Hortefeux
Carla_Bruni	Carla_Bruni
Carl_Bildt	Carl_Bildt
Cass_Sunsteins	Cass_Sunstein
Catherine_Ashton	Catherine_Ashton
Charles_Millon	Charles_Millon
Christian_Wulff	Christian_Wulff
Chris_Coons	Chris_Coons
Chris_Smith,_Baron_Smith_of_Finsbury	Chris_Smith,_Baron_Smith_of_Finsbury
Churkins	Vitaly_Churkin
Clausewitz	Carl_von_Clausewitz
Colin_Powell	Colin_Powell
Costas_Simitis	Costas_Simitis
Crown_Princess_of_Sweden	no page
Daniela_Schadt	Daniela_Schadt
Danielle_Mitterrand	Danielle_Mitterrand
Dan_Petrescu	Dan_Petrescu
David_Cameron	David_Cameron
Denis_Cheryshev	Denis_Cheryshev
Denis_Manturov	Denis_Manturov
Denis_Pushilin	Denis_Pushilin
Dick_Durbin	Dick_Durbin
Didier_Burkhalter	Didier_Burkhalter
Dimitrios_Papadimoulis	Dimitrios_Papadimoulis
Dmitry_Kozak	Dmitry_Kozak
Dmitry_Peskov	Dmitry_Peskov
Dmytro_Yarosh	Dmytro_Yarosh
Dominique_de_Villepin	Dominique_de_Villepin
Dominique_Strauss-Kahn	Dominique_Strauss-Kahn
Donald_Trump	Donald_Trump
Donald_Tusk	Donald_Tusk
Dora_Bakoyannis	Dora_Bakoyannis
Edgar_Savisaar	Edgar_Savisaar
Eduard_Basurin	Eduard_Basurin
Eduard_Limonov	Eduard_Limonov
Eduard_Shevardnadze	Eduard_Shevardnadze
Ed_Snowden	Edward_Snowden
Eerik-Niiles_Kross	Eerik-Niiles_Kross
Eiki_Nestor	Eiki_Nestor
Elvira_Nabiullina	Elvira_Nabiullina
Ene_Ergma	Ene_Ergma
Erkki_Bahovski	Erkki_Bahovski
Evangelos_Venizelos	Evangelos_Venizelos
Eva_Kaili	Eva_Kaili
First_Azarov_Government	First_Azarov_government
Fotis_Kouvelis	Fotis_Kouvelis
Frances_Laurent_Fabius	Laurent_Fabius
Frank-Walter_Steinmeier	Frank-Walter_Steinmeier
Franois_Hollande	Francois_Hollande
Frans_Timmermans	Frans_Timmermans
Gennady_Kernes	Hennadiy_Kernes
Geoffrey_Pyatt	Geoffrey_R._Pyatt
George_Bush	George_W._Bush
George_Papandreou	George_Papandreou
Gessen	Gessen
Gianfranco_Fini	Gianfranco_Fini
Gil_Shwed	Gil_Shwed
Giorgi_Margvelashvili	Giorgi_Margvelashvili
Girkin	Igor_Strelkov_(officer)
Grigory_Yavlinsky	Grigory_Yavlinsky
Haim_Saban	Haim_Saban
Hanno_Pevkur	Hanno_Pevkur
Heimar_Lenk	Heimar_Lenk
Heinz_Valk	Heinz_Valk
Helir-Valdor_Seeder	Helir-Valdor_Seeder
Hillary_Clinton	Hillary_Clinton
Hishammuddin_Hussein	Hishammuddin_Hussein
Hong_Myung-Bo	Hong_Myung-bo
Hugo_Chavez	Hugo_Chavez
Ian_Watmore	Ian_Watmore
Idris_Jala	Idris_Jala
Igor_Girkin	Igor_Strelkov_(officer)
Igor_Ivanov	Igor_Ivanov
Igor_Kolyvanov	Igor_Kolyvanov
Igor_Sechin	Igor_Sechin
Igor_Shuvalov	Igor_Shuvalov
Igor_Strelkov	Igor_Strelkov_(officer)
Ihor_Surkis	Ihor_Surkis
Imbi_Paju	Imbi_Paju
Inna_Bogoslovskaya	Inna_Bohoslovska
Iskra	Iskra
Iskra_Mihaylova	Iskra_Mihaylova
Ivan_Bubenchyk	Ivan_Bubenchyk
Ivan_Kiewye	no page
Ivan_Okhlobystin	Ivan_Okhlobystin
Ivan_Simonovic	Ivan_Šimonović
Ivari_Padar	Ivari_Padar
Ivars_Godmanis	Ivars_Godmanis
Jaak_Aab	Jaak_Aab
Janusz_Korwin-Mikke	Janusz_Korwin-Mikke
Jan_Eliasson	Jan_Eliasson
Jaume_Bartumeu	Jaume_Bartumeu
Jay_Carney	Jay_Carney
Jean-Claude_Gaudin	Jean-Claude_Gaudin
Jean-Pierre_Bel	Jean-Pierre_Bel
Jean-Pierre_Raffarin	Jean-Pierre_Raffarin
Jean_Sarkozy	Jean_Sarkozy
Jeffrey_Epstein	Jeffrey_Epstein
Jeffrey_Feltman	Jeffrey_D._Feltman
Jen_Psaki	Jen_Psaki
Jill_Biden	Jill_Biden
Joachim_Gauck	Joachim_Gauck
Joe_Biden's	Joe_Biden
Joe_Thomas_actor	Joe_Thomas_(actor)
Johannes_Rau	Johannes_Rau
John_Browne,_Baron_Browne_of_Madingley	John_Browne,_Baron_Browne_of_Madingley
John_Engler	John_Engler
John_Kerry	John_Kerry
John_McCain	John_McCain
John_Shimkus	John_Shimkus
Joschka_Fischer	Joschka_Fischer
Josef_Stalin	Joseph_Stalin
Jose_Manuel_Barroso	José_Manuel_Barroso
Jozef_Chovanec	Jozef_Chovanec
Juhan_Parts	Juhan_Parts
Julie_Bishop	Julie_Bishop
Kalyian	no page
Kamaliya	Kamaliya
Karan_Thapar	Karan_Thapar
Keit_Pentus-Rosimannus	Keit_Pentus-Rosimannus
Ken-Marti_Vaher	Ken-Marti_Vaher
Kerrys	John_Kerry
Kharkiv__Yanukovych	Viktor_Yanukovych
Kolomoiskys	Ihor_Kolomoyskyi
Kristiina_Ojuland	Kristiina_Ojuland
Kurmanbek_Bakiyev	Kurmanbek_Bakiyev
Kyriakos_Mitsotakis	Kyriakos_Mitsotakis
K_Veeramani	K._Veeramani
Lagle_Parek	Lagle_Parek
Laila_Freivalds	Laila_Freivalds
Lars_Sponheim	Lars_Sponheim
Laurent_Fabius	Laurent_Fabius
Lauri_Vahtre	Lauri_Vahtre
Lennart_Meri	Lennart_Meri
Leonid_Kozhara	Leonid_Kozhara
Leonid_Kravchuk	Leonid_Kravchuk
Leonid_Kuchma	Leonid_Kuchma
Leonid_Kuchuk	Leonid_Kuchuk
Lev_Leviev	Lev_Leviev
Liam_Byrne	Liam_Byrne
Liana_Kanelli	Liana_Kanelli
Lin_Homer	Lin_Homer
Liow_Tiong_Lai	Liow_Tiong_Lai
Luc_Ferry	Luc_Ferry
Mailis_Reps	Mailis_Reps
Maire_Aunaste	Maire_Aunaste
Manolis_Glezos	Manolis_Glezos
Manuel_Vicente	Manuel_Vicente
Marcello_Pera	Marcello_Pera
Marc_Rich	Marc_Rich
Maret_Maripuu	Maret_Maripuu
Marianne_Mikko	Marianne_Mikko
Maria_Damanaki	Maria_Damanaki
Maria_Zakharova	Maria_Zakharova
Marie_Harf	Marie_Harf
Mariliza_Xenogiannakopoulou	Mariliza_Xenogiannakopoulou
Marina_Kaljurand	Marina_Kaljurand
Mariss_Jansons	Mariss_Jansons
Marju_Lauristin	Marju_Lauristin
Marko_Pomerants	Marko_Pomerants
Mark_Kirk	Mark_Kirk
Mark_Rutte	Mark_Rutte
Martine_Aubry	Martine_Aubry
Martin_Malvy	Martin_Malvy
Martin_Nesirky	no page
Mart_Kadastik	Mart_Kadastik
Mart_Laar	Mart_Laar
Mary_Tamm	Mary_Tamm
Masha_Gessen	Masha_Gessen
Massimo_Moratti	Massimo_Moratti
Max_Barskih	Max_Barskih
Melania	Melania_Trump
Menachem_Mendel_Schneerson	Menachem_Mendel_Schneerson
Michel_Sapin	Michel_Sapin
Micky_Arison	Micky_Arison
Mihhail_Lotman	Mihhail_Lotman
Mikhail_Fradkov	Mikhail_Fradkov
Mikhail_Gorbachev	Mikhail_Gorbachev
Mikhail_Kasyanov	Mikhail_Kasyanov
Mikhail_Margelov	Mikhail_Margelov
Mikhail_Prokhorov	Mikhail_Prokhorov
Mikheil_Saakashvili	Mikheil_Saakashvili
Mila_Kunis	Mila_Kunis
Mintimer_Shaimiev	Mintimer_Shaimiev
Mircea_Lucescu	Mircea_Lucescu
Modi	Narendra_Modi
Mykhailo_Dobkin	Mykhailo_Dobkin
Mykola_Azarov	Mykola_Azarov
Najib_Razak	Najib_Razak
Nalivaichenko	Valentyn_Nalyvaichenko
Nastya_Kamenskih	NK_(Ukrainian_singer)
Natalia_Korolevska	Natalia_Korolevska
Navi_Pillay	Navi_Pillay
Neil_Farage	Nigel_Farage
Netumbo_Nandi-Ndaitwah	Netumbo_Nandi-Ndaitwah
Nevio_Scala	Nevio_Scala
Nicolas_Sarkozy	Nicolas_Sarkozy
Nikolaos_Michaloliakos	Nikolaos_Michaloliakos
nuland	Victoria_Nuland
Nuland-Kagan	no page
Oksana_Bilozir	Oksana_Bilozir
Olaf_Scholz	Olaf_Scholz
Oleg_Deripaska	Oleg_Deripaska
Oleg_Mitvol	Oleg_Mitvol
Oleg_Tsarev	Oleg_Tsaryov
Oleh_Lyashko	Oleh_Lyashko
Oleksandr_Turchinov	Oleksandr_Turchynov
Olga_Bogomolets	Olha_Bohomolets
Olga_Golodets	Olga_Golodets
Olga_Kefalogianni	Olga_Kefalogianni
Oliver_Heald	Oliver_Heald
Oliver_Stone	Oliver_Stone
Paavo_Lipponen	Paavo_Lipponen
Paul-Eerik_Rummo	Paul-Eerik_Rummo
Pauline_Neville-Jones	Pauline_Neville-Jones,_Baroness_Neville-Jones
Paul_Joseph_Watson	Paul_Joseph_Watson
Paul_Manafort	Paul_Manafort
Pavlo_Klimkin	Pavlo_Klimkin
Pavlo_Petrenko	Pavlo_Petrenko
Peskov	Dmitry_Peskov
Peta_Credlin	Peta_Credlin
Peter_Mandelson	Peter_Mandelson
Petro_Poroshenko	Petro_Poroshenko
Philip_Hammond	Philip_Hammond
Pierre_Moscovici	Pierre_Moscovici
Princess_Lilian,_Duchess_of_Halland	Princess_Lilian,_Duchess_of_Halland
Prince_Philip,_Duke_of_Edinburgh	Prince_Philip,_Duke_of_Edinburgh
Prokopis_Pavlopoulos	Prokopis_Pavlopoulos
Pshonka	Viktor_Pshonka
Rachida_Dati	Rachida_Dati
Radoslaw_Sikorski	Radoslaw_Sikorski
Ramzan_Kadyrov	Ramzan_Kadyrov
Rashid_Rakhimov	Rashid_Rakhimov
Ratan_Tata	Ratan_Tata
Raul_Rebane	Raul_Rebane
Raymond_Barre	Raymond_Barre
Refat_Chubarov	Refat_Chubarov
Rein_Lang	Rein_Lang
Rein_Taagepera	Rein_Taagepera
Rinat_Akhmetov	Rinat_Akhmetov
Roberto_Carlos_footballer	no page
Robert_Gates	Robert_Gates
Robert_Serry	Robert_Serry
rogozin	Dmitry_Rogozin
Romney	Mitt_Romney
Ronald_Reagan	Ronald_Reagan
Ron_Paul	Ron_Paul
Ron_Paul's	Ron_Paul
Rossen_Plevneliev	Rosen_Plevneliev
Ruslana_Lyzhychko	Ruslana
Rustem_Khamitov	Rustem_Khamitov
Saddam	Saddam_Hussein
Samantha_Power	Samantha_Power
Sania	Sania
Sergei_Aksenov	Sergei_Aksenov
Sergei_Ivanov	Sergei_Ivanov
Sergei_Shoigu	Sergey_Shoygu
Sergey_Lavrov	Sergey_Lavrov
Serhiy_Nigoyan	Serhiy_Nigoyan
Shari_Arison	Shari_Arison
Sigmar_Gabriel	Sigmar_Gabriel
Siim-Valmar_Kiisler	Siim_Valmar_Kiisler
Siim_Kallas	Siim_Kallas
Silver_Meikar	Silver_Meikar
Silvio_Berlusconi	Silvio_Berlusconi
Simone_Veil	Simone_Veil
Snowden	Edward Snowden
Solomon_Berewa	Solomon_Berewa
Soros	George_Soros
Stanislav_Cherchesov	Stanislav_Cherchesov
Stanley_Fischer	Stanley_Fischer
Stef_Blok	Stef_Blok
Strobe_Talbott	Strobe_Talbott
Sue_Bird	Sue_Bird
Suma_Chakrabarti	Suma_Chakrabarti
Susan_Rice	Susan_Rice
Sven_Mikser	Sven_Mikser
Svetlana_Loboda	Svetlana_Loboda
Svyatoslav_Tsegolko	no page
Taisia_Povaliy	Taisia_Povaliy
Taras_Stepanenko	Taras_Stepanenko
Tatyana_Golikova	Tatyana_Golikova
Theodoros_Pangalos	Theodoros_Pangalos
Thierry_Breton	Thierry_Breton
Thomas_Jefferson	Thomas_Jefferson
Timmermans	Timmermans
Tom_Carper	Tom_Carper
Tom_Friedmans	Thomas_Friedman
Tonkin	Tonkin
Tony_Abbott	Tony_Abbott
Tony_Blair	Tony_Blair
Toomas_Hendrik_Ilves	Toomas_Hendrik_Ilves
Toomas_Vitsut	Toomas_Vitsut
Traian_Basescu	Traian_Băsescu
Trivimi_Velliste	Trivimi_Velliste
Turchunov	Oleksandr_Turchynov
Uffe_Ellemann-Jensen	Uffe_Ellemann-Jensen
Ulla_Schmidt	Ulla_Schmidt
Urmas_Kruuse	Urmas_Kruuse
Urmas_Paet	Urmas_Paet
Urmas_Reinsalu	Urmas_Reinsalu
Urve_Palo	Urve_Palo
Vadim_Rabinovich	Vadim_Rabinovich
Valdis_Birkavs	Valdis_Birkavs
Valentina_Matviyenko	Valentina_Matviyenko
Valentyn_Nalyvaichenko	Valentyn_Nalyvaichenko
Valerie_Amos,_Baroness_Amos	Valerie_Amos,_Baroness_Amos
Valeriya_Novodvorskaya	Valeriya_Novodvorskaya
Valeriy_Khoroshkovskyi	Valeriy_Khoroshkovskyi
Veljo_Tormis	Veljo_Tormis
Vera_Brezhneva	Vera_Brezhneva
Victoria,_Crown_Princess_of_Sweden	Victoria,_Crown_Princess_of_Sweden
Victoria_Nuland	Victoria_Nuland
Victor_Pinchuk	Victor_Pinchuk
Viktor_Khristenko	Viktor_Khristenko
Viktor_Yanukovych	Viktor_Yanukovych
Viktor_Yushchenko	Viktor_Yushchenko
Vilja_Savisaar	Vilja_Toomast
Vitali_Klitschko	Vitali_Klitschko
Vitaly_Churkin	Vitaly_Churkin
Vladimir_Lukin	Vladimir_Lukin
Vladimir_Potanin	Vladimir_Potanin
Vladimir_Puchkov	Vladimir_Puchkov
Vladimir_Putin	Vladimir_Putin
Vladimir_Voinovich	Vladimir_Voinovich
Volodymyr_Lytvyn	Volodymyr_Lytvyn
Vytautas_Landsbergis	Vytautas_Landsbergis
Walid_Muallem	Walid_Muallem
WilliamJHague	William_Hague
William_Hague	William_Hague
William_Tyrrell	William_Tyrrell
Wim_Kok	Wim_Kok
Wladimir_Klitschko	Wladimir_Klitschko
Wolfgang_Schneiderhan_general	Wolfgang_Schneiderhan_(general)
Yanni	Yanni
Yannis_Stournaras	Yannis_Stournaras
Yegor_Gaidar	Yegor_Gaidar
Yevgeny_Primakov	Yevgeny_Primakov
Yitzhak_Tshuva	Yitzhak_Tshuva
Yulia_Tymoshenko	Yulia_Tymoshenko
Yuriy_Boyko	Yuriy_Boyko
Yuriy_Vernydub	Yuriy_Vernydub
Yuri_Lutsenko	Yuriy_Lutsenko
Yury_Lutsenko	Yuriy_Lutsenko
Zakhar_Prilepin	Zakhar_Prilepin
ZN.	no page
